url,filename
https://image.civitai.com/xG1nkqKTMzGDvpLrqFT7WA/68b95f08-2042-4cef-9fd9-da3edfd25f63/width=1360/68b95f08-2042-4cef-9fd9-da3edfd25f63.jpeg,civitai_Day_5342934.jpeg
https://image.civitai.com/xG1nkqKTMzGDvpLrqFT7WA/2df5ef20-6642-4ecf-a1b3-3ff5e392e699/width=600/2df5ef20-6642-4ecf-a1b3-3ff5e392e699.jpeg,civitai_Day_5342788.jpeg
https://image.civitai.com/xG1nkqKTMzGDvpLrqFT7WA/84cc34f5-44a1-4453-ac17-35efce770dcd/width=512/84cc34f5-44a1-4453-ac17-35efce770dcd.jpeg,civitai_Day_5354903.jpeg
https://image.civitai.com/xG1nkqKTMzGDvpLrqFT7WA/ff57f097-1cb5-4b0a-833f-4a4282205083/width=528/ff57f097-1cb5-4b0a-833f-4a4282205083.jpeg,civitai_Day_5342837.jpeg
https://image.civitai.com/xG1nkqKTMzGDvpLrqFT7WA/f3ec2652-9ba6-470a-b5df-cb3bfc29ad58/width=640/f3ec2652-9ba6-470a-b5df-cb3bfc29ad58.jpeg,civitai_Day_5352425.jpeg
https://image.civitai.com/xG1nkqKTMzGDvpLrqFT7WA/78c44690-469a-4c9f-8f62-100cbd021b66/width=776/78c44690-469a-4c9f-8f62-100cbd021b66.jpeg,civitai_Day_5342850.jpeg
https://image.civitai.com/xG1nkqKTMzGDvpLrqFT7WA/36dee066-8ba3-40cc-ab25-03e026e4bc80/width=672/36dee066-8ba3-40cc-ab25-03e026e4bc80.jpeg,civitai_Day_5342783.jpeg
https://image.civitai.com/xG1nkqKTMzGDvpLrqFT7WA/b648f4be-582d-4a67-843c-ff67c4167872/width=832/b648f4be-582d-4a67-843c-ff67c4167872.jpeg,civitai_Day_5347382.jpeg
https://image.civitai.com/xG1nkqKTMzGDvpLrqFT7WA/f81d44e6-4432-470f-9753-594260698342/width=824/f81d44e6-4432-470f-9753-594260698342.jpeg,civitai_Day_5352412.jpeg
https://image.civitai.com/xG1nkqKTMzGDvpLrqFT7WA/9e08679c-0243-4000-b8e8-20db71a00e5b/width=592/9e08679c-0243-4000-b8e8-20db71a00e5b.jpeg,civitai_Day_5352418.jpeg
https://image.civitai.com/xG1nkqKTMzGDvpLrqFT7WA/06438592-0acb-4b67-9d3b-0414658b1523/width=632/06438592-0acb-4b67-9d3b-0414658b1523.jpeg,civitai_Day_5344124.jpeg
https://image.civitai.com/xG1nkqKTMzGDvpLrqFT7WA/16798451-f21f-47af-a6c7-e9db08a6acba/width=800/16798451-f21f-47af-a6c7-e9db08a6acba.jpeg,civitai_Day_5348459.jpeg
https://image.civitai.com/xG1nkqKTMzGDvpLrqFT7WA/a848f1d3-96a0-4256-bc1f-d5fba0498eb3/width=768/a848f1d3-96a0-4256-bc1f-d5fba0498eb3.jpeg,civitai_Day_5352402.jpeg
https://image.civitai.com/xG1nkqKTMzGDvpLrqFT7WA/4ac3bd5d-7440-43e1-b4e5-71e0e7b93613/width=744/4ac3bd5d-7440-43e1-b4e5-71e0e7b93613.jpeg,civitai_Day_5352403.jpeg
https://image.civitai.com/xG1nkqKTMzGDvpLrqFT7WA/682fbb4c-3aa4-40ad-a883-6b8a2fad7cea/width=896/682fbb4c-3aa4-40ad-a883-6b8a2fad7cea.jpeg,civitai_Day_5358393.jpeg
https://image.civitai.com/xG1nkqKTMzGDvpLrqFT7WA/e45e13c6-435c-4c59-8707-fbd03ea6de5b/width=832/e45e13c6-435c-4c59-8707-fbd03ea6de5b.jpeg,civitai_Day_5352019.jpeg
https://image.civitai.com/xG1nkqKTMzGDvpLrqFT7WA/3819b556-65e4-451d-a26f-124959d6f2cd/width=640/3819b556-65e4-451d-a26f-124959d6f2cd.jpeg,civitai_Day_5350406.jpeg
https://image.civitai.com/xG1nkqKTMzGDvpLrqFT7WA/db6a8585-5b99-4aba-97b3-638d305486fc/width=512/db6a8585-5b99-4aba-97b3-638d305486fc.jpeg,civitai_Day_5357091.jpeg
https://image.civitai.com/xG1nkqKTMzGDvpLrqFT7WA/5098ba73-8b71-4fad-90a2-738af06e5cff/width=536/5098ba73-8b71-4fad-90a2-738af06e5cff.jpeg,civitai_Day_5342838.jpeg
https://image.civitai.com/xG1nkqKTMzGDvpLrqFT7WA/9b5c0c4c-f48e-4daa-9ba5-d765f2c05d89/width=960/9b5c0c4c-f48e-4daa-9ba5-d765f2c05d89.jpeg,civitai_Day_5349876.jpeg
https://image.civitai.com/xG1nkqKTMzGDvpLrqFT7WA/97ff9e57-79ff-4b68-b10f-f7d3acd6fa47/width=896/97ff9e57-79ff-4b68-b10f-f7d3acd6fa47.jpeg,civitai_Day_5358394.jpeg
https://image.civitai.com/xG1nkqKTMzGDvpLrqFT7WA/b6d8393f-dc87-4ab2-bd3e-828a699a2167/width=832/b6d8393f-dc87-4ab2-bd3e-828a699a2167.jpeg,civitai_Day_5347397.jpeg
https://image.civitai.com/xG1nkqKTMzGDvpLrqFT7WA/51d4f492-0c9b-470b-8344-ff98e64435f5/width=1024/51d4f492-0c9b-470b-8344-ff98e64435f5.jpeg,civitai_Day_5346520.jpeg
https://image.civitai.com/xG1nkqKTMzGDvpLrqFT7WA/fd61c9d9-e2b2-4e44-89a7-f2ac287603d4/width=832/fd61c9d9-e2b2-4e44-89a7-f2ac287603d4.jpeg,civitai_Day_5351357.jpeg
https://image.civitai.com/xG1nkqKTMzGDvpLrqFT7WA/3e8470e5-b845-41f8-97b0-2c8f4d5eab87/width=808/3e8470e5-b845-41f8-97b0-2c8f4d5eab87.jpeg,civitai_Day_5344036.jpeg
https://image.civitai.com/xG1nkqKTMzGDvpLrqFT7WA/81b164e3-0420-4681-bb52-d8d5308fb528/width=832/81b164e3-0420-4681-bb52-d8d5308fb528.jpeg,civitai_Day_5351206.jpeg
https://image.civitai.com/xG1nkqKTMzGDvpLrqFT7WA/67dd36bd-8254-4f4a-be14-2e660789debf/width=832/67dd36bd-8254-4f4a-be14-2e660789debf.jpeg,civitai_Day_5351333.jpeg
https://image.civitai.com/xG1nkqKTMzGDvpLrqFT7WA/b075da10-f05c-4731-921a-919a02e15efd/width=512/b075da10-f05c-4731-921a-919a02e15efd.jpeg,civitai_Day_5343333.jpeg
https://image.civitai.com/xG1nkqKTMzGDvpLrqFT7WA/142210af-000a-4474-819f-0ce2e56e4fb5/width=832/142210af-000a-4474-819f-0ce2e56e4fb5.jpeg,civitai_Day_5347389.jpeg
https://image.civitai.com/xG1nkqKTMzGDvpLrqFT7WA/b5ae6191-b6ef-409a-bf56-cdbd5558c6a2/width=512/b5ae6191-b6ef-409a-bf56-cdbd5558c6a2.jpeg,civitai_Day_5358148.jpeg
https://image.civitai.com/xG1nkqKTMzGDvpLrqFT7WA/035c387a-f08a-47dc-b544-53aee49edcef/width=832/035c387a-f08a-47dc-b544-53aee49edcef.jpeg,civitai_Day_5351479.jpeg
https://image.civitai.com/xG1nkqKTMzGDvpLrqFT7WA/4ac00c26-1e50-45dc-a67c-edb92d0b5b8b/width=832/4ac00c26-1e50-45dc-a67c-edb92d0b5b8b.jpeg,civitai_Day_5351215.jpeg
https://image.civitai.com/xG1nkqKTMzGDvpLrqFT7WA/df7be5b9-a3a0-45c0-850a-79da9f7a4055/width=1200/df7be5b9-a3a0-45c0-850a-79da9f7a4055.jpeg,civitai_Day_5359210.jpeg
https://image.civitai.com/xG1nkqKTMzGDvpLrqFT7WA/4fa17d12-d0b7-431c-abfd-89cd1875f8a3/width=1000/4fa17d12-d0b7-431c-abfd-89cd1875f8a3.jpeg,civitai_Day_5340695.jpeg
https://image.civitai.com/xG1nkqKTMzGDvpLrqFT7WA/26298cf0-3c70-4bd2-b4ff-f5f121b11931/width=832/26298cf0-3c70-4bd2-b4ff-f5f121b11931.jpeg,civitai_Day_5351294.jpeg
https://image.civitai.com/xG1nkqKTMzGDvpLrqFT7WA/4a62ff12-0d2f-46f2-8eb0-e416de5cb5e7/width=1024/4a62ff12-0d2f-46f2-8eb0-e416de5cb5e7.jpeg,civitai_Day_5349369.jpeg
https://image.civitai.com/xG1nkqKTMzGDvpLrqFT7WA/1cffcc93-f01c-42c3-9574-eb411dc3bcc2/width=832/1cffcc93-f01c-42c3-9574-eb411dc3bcc2.jpeg,civitai_Day_5352003.jpeg
https://image.civitai.com/xG1nkqKTMzGDvpLrqFT7WA/f28e2f39-7316-4c82-857b-4158c2c0644b/width=832/f28e2f39-7316-4c82-857b-4158c2c0644b.jpeg,civitai_Day_5351362.jpeg
https://image.civitai.com/xG1nkqKTMzGDvpLrqFT7WA/da146086-1435-4b32-95de-c29bde05a6cf/width=800/da146086-1435-4b32-95de-c29bde05a6cf.jpeg,civitai_Day_5348458.jpeg
https://image.civitai.com/xG1nkqKTMzGDvpLrqFT7WA/204219d2-4406-49fd-9245-9861aea26b1d/width=832/204219d2-4406-49fd-9245-9861aea26b1d.jpeg,civitai_Day_5351376.jpeg
https://image.civitai.com/xG1nkqKTMzGDvpLrqFT7WA/40cbfec0-669a-411e-812b-1b531cf49a39/width=832/40cbfec0-669a-411e-812b-1b531cf49a39.jpeg,civitai_Day_5351247.jpeg
https://image.civitai.com/xG1nkqKTMzGDvpLrqFT7WA/f7531b90-c35e-4fc4-8ca4-80fbd8261f94/width=3443/f7531b90-c35e-4fc4-8ca4-80fbd8261f94.jpeg,civitai_Day_5341659.jpeg
https://image.civitai.com/xG1nkqKTMzGDvpLrqFT7WA/5ad908de-d5fa-48cd-ac61-2481c6f33113/width=640/5ad908de-d5fa-48cd-ac61-2481c6f33113.jpeg,civitai_Day_5338684.jpeg
https://image.civitai.com/xG1nkqKTMzGDvpLrqFT7WA/b91daeea-a5f3-4c12-9617-2bfcc689dd4d/width=1024/b91daeea-a5f3-4c12-9617-2bfcc689dd4d.jpeg,civitai_Day_5348131.jpeg
https://image.civitai.com/xG1nkqKTMzGDvpLrqFT7WA/66591653-8b30-4d3e-a30e-8bf1fe5d0299/width=832/66591653-8b30-4d3e-a30e-8bf1fe5d0299.jpeg,civitai_Day_5347387.jpeg
https://image.civitai.com/xG1nkqKTMzGDvpLrqFT7WA/6b0df27b-02bf-4e35-b5d4-9cb4f1913923/width=2304/6b0df27b-02bf-4e35-b5d4-9cb4f1913923.jpeg,civitai_Day_5353517.jpeg
https://image.civitai.com/xG1nkqKTMzGDvpLrqFT7WA/ad21f38e-b043-4db8-92dd-9e889912713b/width=1024/ad21f38e-b043-4db8-92dd-9e889912713b.jpeg,civitai_Day_5352453.jpeg
https://image.civitai.com/xG1nkqKTMzGDvpLrqFT7WA/57bda767-6b47-440f-9f61-6c2868385071/width=1024/57bda767-6b47-440f-9f61-6c2868385071.jpeg,civitai_Day_5347477.jpeg
https://image.civitai.com/xG1nkqKTMzGDvpLrqFT7WA/86c0fa65-3760-4798-ad43-d6c7303269bf/width=832/86c0fa65-3760-4798-ad43-d6c7303269bf.jpeg,civitai_Day_5347390.jpeg
https://image.civitai.com/xG1nkqKTMzGDvpLrqFT7WA/da6ab738-d38c-4075-b440-aa4acdee541c/width=832/da6ab738-d38c-4075-b440-aa4acdee541c.jpeg,civitai_Day_5351373.jpeg
https://image.civitai.com/xG1nkqKTMzGDvpLrqFT7WA/8cb078b7-4415-47df-abd4-d3e36fe08e17/width=832/8cb078b7-4415-47df-abd4-d3e36fe08e17.jpeg,civitai_Day_5347391.jpeg
https://image.civitai.com/xG1nkqKTMzGDvpLrqFT7WA/be8d7038-150b-4592-b4e2-2fe7459fe800/width=832/be8d7038-150b-4592-b4e2-2fe7459fe800.jpeg,civitai_Day_5352376.jpeg
https://image.civitai.com/xG1nkqKTMzGDvpLrqFT7WA/5875ea85-7533-4a8a-8444-508e481d4c02/width=1024/5875ea85-7533-4a8a-8444-508e481d4c02.jpeg,civitai_Day_5347475.jpeg
https://image.civitai.com/xG1nkqKTMzGDvpLrqFT7WA/9a77b7be-9a37-4816-bdf0-3f2347e8899c/width=832/9a77b7be-9a37-4816-bdf0-3f2347e8899c.jpeg,civitai_Day_5351939.jpeg
https://image.civitai.com/xG1nkqKTMzGDvpLrqFT7WA/c9db6689-4722-497a-9bf7-8d04fe54909e/width=1024/c9db6689-4722-497a-9bf7-8d04fe54909e.jpeg,civitai_Day_5348134.jpeg
https://image.civitai.com/xG1nkqKTMzGDvpLrqFT7WA/f513b44d-34c9-4210-a516-8f4bdabcd295/width=1536/f513b44d-34c9-4210-a516-8f4bdabcd295.jpeg,civitai_Day_5354662.jpeg
https://image.civitai.com/xG1nkqKTMzGDvpLrqFT7WA/521b3fa6-d2f8-496f-a87f-b9f72d4e812e/width=832/521b3fa6-d2f8-496f-a87f-b9f72d4e812e.jpeg,civitai_Day_5347403.jpeg
https://image.civitai.com/xG1nkqKTMzGDvpLrqFT7WA/7261b117-0de1-481e-be51-4d31157a13ef/width=1152/7261b117-0de1-481e-be51-4d31157a13ef.jpeg,civitai_Day_5344266.jpeg
https://image.civitai.com/xG1nkqKTMzGDvpLrqFT7WA/e90fd693-0cee-4073-a6fc-cd5b57352fdb/width=832/e90fd693-0cee-4073-a6fc-cd5b57352fdb.jpeg,civitai_Day_5340186.jpeg
https://image.civitai.com/xG1nkqKTMzGDvpLrqFT7WA/fef9b98e-8734-4201-a695-5f121ca91203/width=832/fef9b98e-8734-4201-a695-5f121ca91203.jpeg,civitai_Day_5347385.jpeg
https://image.civitai.com/xG1nkqKTMzGDvpLrqFT7WA/b939144c-d53f-4a07-bb57-9e989a6228bd/width=832/b939144c-d53f-4a07-bb57-9e989a6228bd.jpeg,civitai_Day_5347401.jpeg
https://image.civitai.com/xG1nkqKTMzGDvpLrqFT7WA/601b3a3b-ce03-4aae-8d0a-635b6e28a7b5/width=832/601b3a3b-ce03-4aae-8d0a-635b6e28a7b5.jpeg,civitai_Day_5351949.jpeg
https://image.civitai.com/xG1nkqKTMzGDvpLrqFT7WA/f798058d-4894-43e8-b7c9-4772a5887531/width=832/f798058d-4894-43e8-b7c9-4772a5887531.jpeg,civitai_Day_5351194.jpeg
https://image.civitai.com/xG1nkqKTMzGDvpLrqFT7WA/6561ac75-6f24-4d5e-ab36-c5b2b73998c4/width=832/6561ac75-6f24-4d5e-ab36-c5b2b73998c4.jpeg,civitai_Day_5351222.jpeg
https://image.civitai.com/xG1nkqKTMzGDvpLrqFT7WA/09015d54-74c7-4f95-ae33-c37965ace0a8/width=832/09015d54-74c7-4f95-ae33-c37965ace0a8.jpeg,civitai_Day_5347402.jpeg
https://image.civitai.com/xG1nkqKTMzGDvpLrqFT7WA/58cb0495-e918-4572-87bc-975a7d0a75a3/width=1024/58cb0495-e918-4572-87bc-975a7d0a75a3.jpeg,civitai_Day_5348133.jpeg
https://image.civitai.com/xG1nkqKTMzGDvpLrqFT7WA/385958b3-9086-4435-9bb7-a9d04a16eefc/width=832/385958b3-9086-4435-9bb7-a9d04a16eefc.jpeg,civitai_Day_5351239.jpeg
https://image.civitai.com/xG1nkqKTMzGDvpLrqFT7WA/a36c73ae-3e3c-4a4b-90a2-ed95c13a2a3d/width=1536/a36c73ae-3e3c-4a4b-90a2-ed95c13a2a3d.jpeg,civitai_Day_5354658.jpeg
https://image.civitai.com/xG1nkqKTMzGDvpLrqFT7WA/5c50c972-44bf-41ff-bb04-43c308964161/width=1536/5c50c972-44bf-41ff-bb04-43c308964161.jpeg,civitai_Day_5354250.jpeg
https://image.civitai.com/xG1nkqKTMzGDvpLrqFT7WA/f1d93a62-23bd-47df-84f9-c782987be90e/width=1024/f1d93a62-23bd-47df-84f9-c782987be90e.jpeg,civitai_Day_5338533.jpeg
https://image.civitai.com/xG1nkqKTMzGDvpLrqFT7WA/79b2e94f-e4d8-4349-b780-bd45a668dc85/width=1024/79b2e94f-e4d8-4349-b780-bd45a668dc85.jpeg,civitai_Day_5352990.jpeg
https://image.civitai.com/xG1nkqKTMzGDvpLrqFT7WA/b0870237-4b72-4ddd-8044-d0a11345fc22/width=512/b0870237-4b72-4ddd-8044-d0a11345fc22.jpeg,civitai_Day_5343330.jpeg
https://image.civitai.com/xG1nkqKTMzGDvpLrqFT7WA/22be3660-e966-4c9f-ab4c-4cdda776ee98/width=1024/22be3660-e966-4c9f-ab4c-4cdda776ee98.jpeg,civitai_Day_5349368.jpeg
https://image.civitai.com/xG1nkqKTMzGDvpLrqFT7WA/f991850e-1ff2-4f8e-8f1a-e5f7843c0e66/width=1024/f991850e-1ff2-4f8e-8f1a-e5f7843c0e66.jpeg,civitai_Day_5338261.jpeg
https://image.civitai.com/xG1nkqKTMzGDvpLrqFT7WA/ae73f27d-60cb-43a1-8f2d-c0af9f333db7/width=832/ae73f27d-60cb-43a1-8f2d-c0af9f333db7.jpeg,civitai_Day_5347386.jpeg
https://image.civitai.com/xG1nkqKTMzGDvpLrqFT7WA/3dc360bf-3198-4c2b-b359-b7c9158a6fa7/width=832/3dc360bf-3198-4c2b-b359-b7c9158a6fa7.jpeg,civitai_Day_5347388.jpeg
https://image.civitai.com/xG1nkqKTMzGDvpLrqFT7WA/fcfb563d-3eed-484a-af2e-3dba1bcc6dae/width=832/fcfb563d-3eed-484a-af2e-3dba1bcc6dae.jpeg,civitai_Day_5347392.jpeg
https://image.civitai.com/xG1nkqKTMzGDvpLrqFT7WA/21e5947a-5d94-4958-b289-3c33e2575fed/width=832/21e5947a-5d94-4958-b289-3c33e2575fed.jpeg,civitai_Day_5347393.jpeg
https://image.civitai.com/xG1nkqKTMzGDvpLrqFT7WA/79bc8f97-6086-4fea-82bb-ca5c372cdccc/width=832/79bc8f97-6086-4fea-82bb-ca5c372cdccc.jpeg,civitai_Day_5347394.jpeg
https://image.civitai.com/xG1nkqKTMzGDvpLrqFT7WA/1a400ff5-832e-4ebd-86bd-48e0727dab13/width=832/1a400ff5-832e-4ebd-86bd-48e0727dab13.jpeg,civitai_Day_5347395.jpeg
https://image.civitai.com/xG1nkqKTMzGDvpLrqFT7WA/63bd8c29-f09f-475d-b02a-c5096b62c7dd/width=832/63bd8c29-f09f-475d-b02a-c5096b62c7dd.jpeg,civitai_Day_5347396.jpeg
https://image.civitai.com/xG1nkqKTMzGDvpLrqFT7WA/77eb2922-72b1-4522-9849-c3f312a97930/width=832/77eb2922-72b1-4522-9849-c3f312a97930.jpeg,civitai_Day_5347398.jpeg
https://image.civitai.com/xG1nkqKTMzGDvpLrqFT7WA/b38347a9-d00a-4118-9b1e-4a42ef6e27dc/width=832/b38347a9-d00a-4118-9b1e-4a42ef6e27dc.jpeg,civitai_Day_5347399.jpeg
https://image.civitai.com/xG1nkqKTMzGDvpLrqFT7WA/eb8144d8-dd03-40a1-9b51-ff124b0e044a/width=832/eb8144d8-dd03-40a1-9b51-ff124b0e044a.jpeg,civitai_Day_5347404.jpeg
https://image.civitai.com/xG1nkqKTMzGDvpLrqFT7WA/c6b8e33b-36c9-47c3-a786-a9ec2b888957/width=1024/c6b8e33b-36c9-47c3-a786-a9ec2b888957.jpeg,civitai_Day_5348130.jpeg
https://image.civitai.com/xG1nkqKTMzGDvpLrqFT7WA/338c25c4-8cef-4068-a329-c736bce7e6bb/width=1024/338c25c4-8cef-4068-a329-c736bce7e6bb.jpeg,civitai_Day_5348136.jpeg
https://image.civitai.com/xG1nkqKTMzGDvpLrqFT7WA/68f8d7de-d723-4d70-87a5-e99b11592e74/width=1024/68f8d7de-d723-4d70-87a5-e99b11592e74.jpeg,civitai_Day_5352585.jpeg
https://image.civitai.com/xG1nkqKTMzGDvpLrqFT7WA/b171c89d-d470-4600-b472-2aa28a41d66e/width=1024/b171c89d-d470-4600-b472-2aa28a41d66e.jpeg,civitai_Day_5347474.jpeg
https://image.civitai.com/xG1nkqKTMzGDvpLrqFT7WA/3eedb76c-7984-4140-a6ff-ae6f665ef203/width=1024/3eedb76c-7984-4140-a6ff-ae6f665ef203.jpeg,civitai_Day_5347484.jpeg
https://image.civitai.com/xG1nkqKTMzGDvpLrqFT7WA/df922436-4495-4a1b-b6b9-d62c1777c3b3/width=1024/df922436-4495-4a1b-b6b9-d62c1777c3b3.jpeg,civitai_Day_5337831.jpeg
https://image.civitai.com/xG1nkqKTMzGDvpLrqFT7WA/b92b9d6a-6ae7-435a-98c9-ae1b21d84d91/width=1024/b92b9d6a-6ae7-435a-98c9-ae1b21d84d91.jpeg,civitai_Day_5347478.jpeg
https://image.civitai.com/xG1nkqKTMzGDvpLrqFT7WA/5f5b18e3-413c-4f14-a8bb-33e926d98f48/width=1024/5f5b18e3-413c-4f14-a8bb-33e926d98f48.jpeg,civitai_Day_5347481.jpeg
https://image.civitai.com/xG1nkqKTMzGDvpLrqFT7WA/d4309cd6-7594-458d-869c-e83cc68a1b31/width=1536/d4309cd6-7594-458d-869c-e83cc68a1b31.jpeg,civitai_Day_5354659.jpeg
https://image.civitai.com/xG1nkqKTMzGDvpLrqFT7WA/5e782463-ec8c-4e6e-8335-645a056378e7/width=1024/5e782463-ec8c-4e6e-8335-645a056378e7.jpeg,civitai_Day_5338534.jpeg
https://image.civitai.com/xG1nkqKTMzGDvpLrqFT7WA/35bdd47b-5f32-4a66-96cf-5da7df03f763/width=2304/35bdd47b-5f32-4a66-96cf-5da7df03f763.jpeg,civitai_Day_5353507.jpeg
https://image.civitai.com/xG1nkqKTMzGDvpLrqFT7WA/4e4a07b0-4114-4b1d-9ac3-2b6fcdbaadb6/width=1024/4e4a07b0-4114-4b1d-9ac3-2b6fcdbaadb6.jpeg,civitai_Day_5352992.jpeg
https://image.civitai.com/xG1nkqKTMzGDvpLrqFT7WA/373d77d9-91f7-455c-82dc-d9c9eb098654/width=1536/373d77d9-91f7-455c-82dc-d9c9eb098654.jpeg,civitai_Day_5343440.jpeg
https://image.civitai.com/xG1nkqKTMzGDvpLrqFT7WA/bb867522-fd8d-4942-8516-0c5720c6091f/width=1024/bb867522-fd8d-4942-8516-0c5720c6091f.jpeg,civitai_Day_5354601.jpeg
https://image.civitai.com/xG1nkqKTMzGDvpLrqFT7WA/3fede4b6-c955-4f0b-b351-d1ad4c67eb13/width=768/3fede4b6-c955-4f0b-b351-d1ad4c67eb13.jpeg,civitai_Day_5356173.jpeg
https://image.civitai.com/xG1nkqKTMzGDvpLrqFT7WA/fe3faa3e-9bb3-4b35-ab46-98ba5aee96ef/width=1024/fe3faa3e-9bb3-4b35-ab46-98ba5aee96ef.jpeg,civitai_Day_5348135.jpeg
https://image.civitai.com/xG1nkqKTMzGDvpLrqFT7WA/6723cf43-37f7-475b-af1e-b81e1af5313a/width=816/6723cf43-37f7-475b-af1e-b81e1af5313a.jpeg,civitai_Day_5359282.jpeg
https://image.civitai.com/xG1nkqKTMzGDvpLrqFT7WA/58c4f01a-6d10-4009-aa7d-4269b0e5d88e/width=2304/58c4f01a-6d10-4009-aa7d-4269b0e5d88e.jpeg,civitai_Day_5361649.jpeg
https://image.civitai.com/xG1nkqKTMzGDvpLrqFT7WA/190026f5-b659-4b60-9cd8-5cbeb2b4f7ec/width=1024/190026f5-b659-4b60-9cd8-5cbeb2b4f7ec.jpeg,civitai_Day_5347476.jpeg
https://image.civitai.com/xG1nkqKTMzGDvpLrqFT7WA/eb90b180-9e8e-4de3-aba5-0d144b1c4756/width=1024/eb90b180-9e8e-4de3-aba5-0d144b1c4756.jpeg,civitai_Day_5347479.jpeg
https://image.civitai.com/xG1nkqKTMzGDvpLrqFT7WA/3ad15a67-8313-4895-93ec-b9b97f0fc231/width=1024/3ad15a67-8313-4895-93ec-b9b97f0fc231.jpeg,civitai_Day_5347480.jpeg
https://image.civitai.com/xG1nkqKTMzGDvpLrqFT7WA/bdfa1f1d-a5e4-4b4f-9c20-f105bcfc98d9/width=1024/bdfa1f1d-a5e4-4b4f-9c20-f105bcfc98d9.jpeg,civitai_Day_5349370.jpeg
https://image.civitai.com/xG1nkqKTMzGDvpLrqFT7WA/404b6970-b87b-4311-ba57-216029c785ab/width=1024/404b6970-b87b-4311-ba57-216029c785ab.jpeg,civitai_Day_5338271.jpeg
https://image.civitai.com/xG1nkqKTMzGDvpLrqFT7WA/f73f9605-85d3-4fa7-9ce6-bf7d5d48cf91/width=2304/f73f9605-85d3-4fa7-9ce6-bf7d5d48cf91.jpeg,civitai_Day_5341346.jpeg
https://image.civitai.com/xG1nkqKTMzGDvpLrqFT7WA/7dc6498b-cc82-4cc9-a7c5-ce6364a3ded1/width=832/7dc6498b-cc82-4cc9-a7c5-ce6364a3ded1.jpeg,civitai_Day_5347821.jpeg
https://image.civitai.com/xG1nkqKTMzGDvpLrqFT7WA/abe73ab0-6423-41c4-93e7-6a1e8d376cb6/width=2304/abe73ab0-6423-41c4-93e7-6a1e8d376cb6.jpeg,civitai_Day_5357933.jpeg
https://image.civitai.com/xG1nkqKTMzGDvpLrqFT7WA/5dcf6681-fcf3-45b8-bee4-9c0cf91cf341/width=1024/5dcf6681-fcf3-45b8-bee4-9c0cf91cf341.jpeg,civitai_Day_5347485.jpeg
https://image.civitai.com/xG1nkqKTMzGDvpLrqFT7WA/c09fd172-4abc-473e-8fa2-e6dbdff21ac8/width=1024/c09fd172-4abc-473e-8fa2-e6dbdff21ac8.jpeg,civitai_Day_5355110.jpeg
https://image.civitai.com/xG1nkqKTMzGDvpLrqFT7WA/4d417e5f-b08a-4e1a-9432-4d24c58c64be/width=768/4d417e5f-b08a-4e1a-9432-4d24c58c64be.jpeg,civitai_Day_5343433.jpeg
https://image.civitai.com/xG1nkqKTMzGDvpLrqFT7WA/1baae30d-7090-4216-b7da-743231b3881e/width=2304/1baae30d-7090-4216-b7da-743231b3881e.jpeg,civitai_Day_5358018.jpeg
https://image.civitai.com/xG1nkqKTMzGDvpLrqFT7WA/888957c3-5480-4c47-8a22-9ba01e619d72/width=2304/888957c3-5480-4c47-8a22-9ba01e619d72.jpeg,civitai_Day_5353508.jpeg
https://image.civitai.com/xG1nkqKTMzGDvpLrqFT7WA/0bb152a9-81ee-4f32-9fc2-0fec259a7067/width=1024/0bb152a9-81ee-4f32-9fc2-0fec259a7067.jpeg,civitai_Day_5348167.jpeg
https://image.civitai.com/xG1nkqKTMzGDvpLrqFT7WA/c8a6762f-b16d-47ed-b3e9-1a5da0f36c26/width=1024/c8a6762f-b16d-47ed-b3e9-1a5da0f36c26.jpeg,civitai_Day_5344210.jpeg
https://image.civitai.com/xG1nkqKTMzGDvpLrqFT7WA/1200e4cf-599c-49f2-ba79-18f69f4d4df4/width=1536/1200e4cf-599c-49f2-ba79-18f69f4d4df4.jpeg,civitai_Day_5345979.jpeg
https://image.civitai.com/xG1nkqKTMzGDvpLrqFT7WA/960998dc-908c-4abe-b13e-c00c764011c0/width=512/960998dc-908c-4abe-b13e-c00c764011c0.jpeg,civitai_Day_5347828.jpeg
https://image.civitai.com/xG1nkqKTMzGDvpLrqFT7WA/b22ce702-0390-41ee-ab59-b9a4da3777cf/width=1024/b22ce702-0390-41ee-ab59-b9a4da3777cf.jpeg,civitai_Day_5348132.jpeg
https://image.civitai.com/xG1nkqKTMzGDvpLrqFT7WA/887b4d69-7766-4835-a904-4396e36cf98c/width=2048/887b4d69-7766-4835-a904-4396e36cf98c.jpeg,civitai_Day_5350773.jpeg
https://image.civitai.com/xG1nkqKTMzGDvpLrqFT7WA/39e79fb2-bcb8-472d-8ad3-953eb709a9dd/width=1024/39e79fb2-bcb8-472d-8ad3-953eb709a9dd.jpeg,civitai_Day_5350781.jpeg
https://image.civitai.com/xG1nkqKTMzGDvpLrqFT7WA/e6043b47-975f-486b-9438-d1ed59b38e21/width=768/e6043b47-975f-486b-9438-d1ed59b38e21.jpeg,civitai_Day_5354892.jpeg
https://image.civitai.com/xG1nkqKTMzGDvpLrqFT7WA/b58277a4-f71a-45a3-818c-13923d218dc6/width=1840/b58277a4-f71a-45a3-818c-13923d218dc6.jpeg,civitai_Day_5365583.jpeg
https://image.civitai.com/xG1nkqKTMzGDvpLrqFT7WA/94af3e1f-1269-417e-9399-d06b66a66929/width=768/94af3e1f-1269-417e-9399-d06b66a66929.jpeg,civitai_Day_5337671.jpeg
https://image.civitai.com/xG1nkqKTMzGDvpLrqFT7WA/8489f6fb-ff0c-4390-9bb2-78c932b60c8a/width=768/8489f6fb-ff0c-4390-9bb2-78c932b60c8a.jpeg,civitai_Day_5337674.jpeg
https://image.civitai.com/xG1nkqKTMzGDvpLrqFT7WA/2f551542-b1cc-40e7-8332-ecae18e879f8/width=1024/2f551542-b1cc-40e7-8332-ecae18e879f8.jpeg,civitai_Day_5338262.jpeg
https://image.civitai.com/xG1nkqKTMzGDvpLrqFT7WA/e184fb6e-5811-47c7-831a-f7f50b39c195/width=1024/e184fb6e-5811-47c7-831a-f7f50b39c195.jpeg,civitai_Day_5338270.jpeg
https://image.civitai.com/xG1nkqKTMzGDvpLrqFT7WA/d5b9e1fd-c43d-41b8-a208-3637c4258601/width=1024/d5b9e1fd-c43d-41b8-a208-3637c4258601.jpeg,civitai_Day_5339188.jpeg
https://image.civitai.com/xG1nkqKTMzGDvpLrqFT7WA/f9d892a5-212b-4e84-a30b-d39b5be17c8e/width=3584/f9d892a5-212b-4e84-a30b-d39b5be17c8e.jpeg,civitai_Day_5340694.jpeg
https://image.civitai.com/xG1nkqKTMzGDvpLrqFT7WA/2d862c51-81c2-4e9f-85ce-4cc6607e67b0/width=768/2d862c51-81c2-4e9f-85ce-4cc6607e67b0.jpeg,civitai_Day_5343431.jpeg
https://image.civitai.com/xG1nkqKTMzGDvpLrqFT7WA/165512aa-2ce6-45c7-b6d6-fd2014de54e6/width=1536/165512aa-2ce6-45c7-b6d6-fd2014de54e6.jpeg,civitai_Day_5343436.jpeg
https://image.civitai.com/xG1nkqKTMzGDvpLrqFT7WA/59477a3a-ad15-45bd-b501-54ea3e18fe96/width=1024/59477a3a-ad15-45bd-b501-54ea3e18fe96.jpeg,civitai_Day_5348138.jpeg
https://image.civitai.com/xG1nkqKTMzGDvpLrqFT7WA/d4ac9c9f-14f9-4066-a23d-b08725b294fc/width=1024/d4ac9c9f-14f9-4066-a23d-b08725b294fc.jpeg,civitai_Day_5348777.jpeg
https://image.civitai.com/xG1nkqKTMzGDvpLrqFT7WA/04ee3c92-569e-4663-b505-e4580702accf/width=1152/04ee3c92-569e-4663-b505-e4580702accf.jpeg,civitai_Day_5350109.jpeg
https://image.civitai.com/xG1nkqKTMzGDvpLrqFT7WA/ae65e49a-bf30-41b5-b0c5-e9d47fa69bd8/width=1152/ae65e49a-bf30-41b5-b0c5-e9d47fa69bd8.jpeg,civitai_Day_5350110.jpeg
https://image.civitai.com/xG1nkqKTMzGDvpLrqFT7WA/ca6b52bf-9999-448d-ab0e-0dabea8b57a7/width=1152/ca6b52bf-9999-448d-ab0e-0dabea8b57a7.jpeg,civitai_Day_5350111.jpeg
https://image.civitai.com/xG1nkqKTMzGDvpLrqFT7WA/468a93f9-a6b0-4229-90e5-d6dbd32920bc/width=1152/468a93f9-a6b0-4229-90e5-d6dbd32920bc.jpeg,civitai_Day_5350113.jpeg
https://image.civitai.com/xG1nkqKTMzGDvpLrqFT7WA/91e6fe04-c936-4046-9301-edbb3a32deb9/width=768/91e6fe04-c936-4046-9301-edbb3a32deb9.jpeg,civitai_Day_5352389.jpeg
https://image.civitai.com/xG1nkqKTMzGDvpLrqFT7WA/f6cf851b-2ac6-4e00-ac37-c8fa65c95866/width=1024/f6cf851b-2ac6-4e00-ac37-c8fa65c95866.jpeg,civitai_Day_5347483.jpeg
https://image.civitai.com/xG1nkqKTMzGDvpLrqFT7WA/f088da16-4f8e-4fbc-907b-32ac35c986b8/width=1152/f088da16-4f8e-4fbc-907b-32ac35c986b8.jpeg,civitai_Day_5350112.jpeg
https://image.civitai.com/xG1nkqKTMzGDvpLrqFT7WA/bc579549-4566-4772-89d9-abaeaa53da59/width=768/bc579549-4566-4772-89d9-abaeaa53da59.jpeg,civitai_Day_5337670.jpeg
https://image.civitai.com/xG1nkqKTMzGDvpLrqFT7WA/efa1b373-82ad-405b-bd01-62535f660e72/width=1024/efa1b373-82ad-405b-bd01-62535f660e72.jpeg,civitai_Day_5338260.jpeg
https://image.civitai.com/xG1nkqKTMzGDvpLrqFT7WA/6d129bc5-68a8-4742-b713-54cd3d2f4031/width=1024/6d129bc5-68a8-4742-b713-54cd3d2f4031.jpeg,civitai_Day_5348169.jpeg
https://image.civitai.com/xG1nkqKTMzGDvpLrqFT7WA/3e817ffe-1cfb-483d-90f2-bed1b39549f4/width=1024/3e817ffe-1cfb-483d-90f2-bed1b39549f4.jpeg,civitai_Day_5338257.jpeg
https://image.civitai.com/xG1nkqKTMzGDvpLrqFT7WA/356e4e9a-dce6-4d6f-8e7c-d127b3824f01/width=1344/356e4e9a-dce6-4d6f-8e7c-d127b3824f01.jpeg,civitai_Day_5342530.jpeg
https://image.civitai.com/xG1nkqKTMzGDvpLrqFT7WA/fe23d18b-da4a-429c-8f6b-e50cd0aa806f/width=1536/fe23d18b-da4a-429c-8f6b-e50cd0aa806f.jpeg,civitai_Day_5342761.jpeg
https://image.civitai.com/xG1nkqKTMzGDvpLrqFT7WA/997054ee-07e4-45dc-aab7-32835d7f92b9/width=1152/997054ee-07e4-45dc-aab7-32835d7f92b9.jpeg,civitai_Day_5344262.jpeg
https://image.civitai.com/xG1nkqKTMzGDvpLrqFT7WA/2c0ffcc6-f19e-42f0-881e-0a9f8ee32ae3/width=1024/2c0ffcc6-f19e-42f0-881e-0a9f8ee32ae3.jpeg,civitai_Day_5353922.jpeg
https://image.civitai.com/xG1nkqKTMzGDvpLrqFT7WA/b7d88fb6-041d-4b46-982c-2186de3f38ad/width=768/b7d88fb6-041d-4b46-982c-2186de3f38ad.jpeg,civitai_Day_5337680.jpeg
https://image.civitai.com/xG1nkqKTMzGDvpLrqFT7WA/ac551348-e10c-449b-87d9-3a11f08d756c/width=1024/ac551348-e10c-449b-87d9-3a11f08d756c.jpeg,civitai_Day_5338252.jpeg
https://image.civitai.com/xG1nkqKTMzGDvpLrqFT7WA/20d396af-8244-4a43-bbc6-dbd1d75cca82/width=1024/20d396af-8244-4a43-bbc6-dbd1d75cca82.jpeg,civitai_Day_5339184.jpeg
https://image.civitai.com/xG1nkqKTMzGDvpLrqFT7WA/1066465b-c717-46d0-bb0f-1068e08c7714/width=1024/1066465b-c717-46d0-bb0f-1068e08c7714.jpeg,civitai_Day_5339185.jpeg
https://image.civitai.com/xG1nkqKTMzGDvpLrqFT7WA/ccef2fe2-1055-48b9-8391-7d1aa83ede71/width=1024/ccef2fe2-1055-48b9-8391-7d1aa83ede71.jpeg,civitai_Day_5339186.jpeg
https://image.civitai.com/xG1nkqKTMzGDvpLrqFT7WA/795cc4ee-000f-41b7-a4f9-ce2ea31ee3e1/width=1152/795cc4ee-000f-41b7-a4f9-ce2ea31ee3e1.jpeg,civitai_Day_5344264.jpeg
https://image.civitai.com/xG1nkqKTMzGDvpLrqFT7WA/736790e2-bd92-4e8d-b4fa-1f99c49acc59/width=1152/736790e2-bd92-4e8d-b4fa-1f99c49acc59.jpeg,civitai_Day_5344267.jpeg
https://image.civitai.com/xG1nkqKTMzGDvpLrqFT7WA/d5366d3c-85e0-4d59-a36e-5e01c70d5b74/width=1536/d5366d3c-85e0-4d59-a36e-5e01c70d5b74.jpeg,civitai_Day_5345977.jpeg
https://image.civitai.com/xG1nkqKTMzGDvpLrqFT7WA/60a82da8-7dd4-4157-b186-331987fb0461/width=1024/60a82da8-7dd4-4157-b186-331987fb0461.jpeg,civitai_Day_5350768.jpeg
https://image.civitai.com/xG1nkqKTMzGDvpLrqFT7WA/f2b8cc1e-f534-4266-bae8-d9e4ad5b2491/width=1024/f2b8cc1e-f534-4266-bae8-d9e4ad5b2491.jpeg,civitai_Day_5350777.jpeg
https://image.civitai.com/xG1nkqKTMzGDvpLrqFT7WA/2e79d56d-401f-4983-81ce-7b00492f81bd/width=1024/2e79d56d-401f-4983-81ce-7b00492f81bd.jpeg,civitai_Day_5354274.jpeg
https://image.civitai.com/xG1nkqKTMzGDvpLrqFT7WA/681fb162-c3fa-4e3a-bdca-6d43b2772568/width=1536/681fb162-c3fa-4e3a-bdca-6d43b2772568.jpeg,civitai_Day_5359596.jpeg
https://image.civitai.com/xG1nkqKTMzGDvpLrqFT7WA/f39bb4fa-6c7f-4a57-99a2-6b3c6cc3625a/width=1024/f39bb4fa-6c7f-4a57-99a2-6b3c6cc3625a.jpeg,civitai_Day_5348168.jpeg
https://image.civitai.com/xG1nkqKTMzGDvpLrqFT7WA/37c1fc5b-f2fc-4125-bdf7-e61518405575/width=1024/37c1fc5b-f2fc-4125-bdf7-e61518405575.jpeg,civitai_Day_5348775.jpeg
https://image.civitai.com/xG1nkqKTMzGDvpLrqFT7WA/1d57ff12-2239-450d-9942-2d61e81858c3/width=1024/1d57ff12-2239-450d-9942-2d61e81858c3.jpeg,civitai_Day_5353039.jpeg
https://image.civitai.com/xG1nkqKTMzGDvpLrqFT7WA/dffa08e7-47c2-4946-bd90-1f63b0a3c6a1/width=1024/dffa08e7-47c2-4946-bd90-1f63b0a3c6a1.jpeg,civitai_Day_5337828.jpeg
https://image.civitai.com/xG1nkqKTMzGDvpLrqFT7WA/3d2ad67d-5d49-4320-ab70-4c0f1279c710/width=1024/3d2ad67d-5d49-4320-ab70-4c0f1279c710.jpeg,civitai_Day_5349732.jpeg
https://image.civitai.com/xG1nkqKTMzGDvpLrqFT7WA/5456fb22-7c4e-414c-8697-20679c32f95a/width=1024/5456fb22-7c4e-414c-8697-20679c32f95a.jpeg,civitai_Day_5338255.jpeg
https://image.civitai.com/xG1nkqKTMzGDvpLrqFT7WA/34fa6cd0-c791-4afa-8945-a570152e8711/width=1024/34fa6cd0-c791-4afa-8945-a570152e8711.jpeg,civitai_Day_5338267.jpeg
https://image.civitai.com/xG1nkqKTMzGDvpLrqFT7WA/f7f8fa90-ce80-4f04-837e-9a2d7b60d41e/width=1024/f7f8fa90-ce80-4f04-837e-9a2d7b60d41e.jpeg,civitai_Day_5338269.jpeg
https://image.civitai.com/xG1nkqKTMzGDvpLrqFT7WA/218d8cf8-84fa-4471-a71f-f4b4e5ad89e9/width=1536/218d8cf8-84fa-4471-a71f-f4b4e5ad89e9.jpeg,civitai_Day_5343437.jpeg
https://image.civitai.com/xG1nkqKTMzGDvpLrqFT7WA/4dc5befb-ebf7-4fea-ae1e-79abf8008c57/width=576/4dc5befb-ebf7-4fea-ae1e-79abf8008c57.jpeg,civitai_Day_5344258.jpeg
https://image.civitai.com/xG1nkqKTMzGDvpLrqFT7WA/6c23469e-e12d-4217-b973-555ca24c8de0/width=1152/6c23469e-e12d-4217-b973-555ca24c8de0.jpeg,civitai_Day_5344265.jpeg
https://image.civitai.com/xG1nkqKTMzGDvpLrqFT7WA/a5146516-eff8-4880-80c4-a03da9ad6594/width=1536/a5146516-eff8-4880-80c4-a03da9ad6594.jpeg,civitai_Day_5345975.jpeg
https://image.civitai.com/xG1nkqKTMzGDvpLrqFT7WA/6e00da0b-10f0-4c96-8f9c-8ab170879e93/width=1536/6e00da0b-10f0-4c96-8f9c-8ab170879e93.jpeg,civitai_Day_5345976.jpeg
https://image.civitai.com/xG1nkqKTMzGDvpLrqFT7WA/ea598791-0937-4a52-b166-a4aea2a7331d/width=1280/ea598791-0937-4a52-b166-a4aea2a7331d.jpeg,civitai_Day_5350119.jpeg
https://image.civitai.com/xG1nkqKTMzGDvpLrqFT7WA/e8e3245d-05dc-4d33-a100-4c6754a8f958/width=1024/e8e3245d-05dc-4d33-a100-4c6754a8f958.jpeg,civitai_Day_5350782.jpeg
https://image.civitai.com/xG1nkqKTMzGDvpLrqFT7WA/3775dfeb-7870-4c00-a6db-06fc6524b14a/width=2304/3775dfeb-7870-4c00-a6db-06fc6524b14a.jpeg,civitai_Day_5360947.jpeg
https://image.civitai.com/xG1nkqKTMzGDvpLrqFT7WA/0ffbac9a-a617-4d53-99c1-60f47a562ddf/width=1024/0ffbac9a-a617-4d53-99c1-60f47a562ddf.jpeg,civitai_Day_5339128.jpeg
https://image.civitai.com/xG1nkqKTMzGDvpLrqFT7WA/b06bff9e-f28b-497a-a618-3214ffd163b5/width=1024/b06bff9e-f28b-497a-a618-3214ffd163b5.jpeg,civitai_Day_5343057.jpeg
https://image.civitai.com/xG1nkqKTMzGDvpLrqFT7WA/8ea3a56b-645d-4d39-84a3-cd53c13b3e39/width=1024/8ea3a56b-645d-4d39-84a3-cd53c13b3e39.jpeg,civitai_Day_5348137.jpeg
https://image.civitai.com/xG1nkqKTMzGDvpLrqFT7WA/8ea7b170-65ed-498a-9729-bd5f9397aa99/width=1024/8ea7b170-65ed-498a-9729-bd5f9397aa99.jpeg,civitai_Day_5355104.jpeg
https://image.civitai.com/xG1nkqKTMzGDvpLrqFT7WA/7378ba21-9c8f-4d5e-a58b-513e87b9b583/width=2304/7378ba21-9c8f-4d5e-a58b-513e87b9b583.jpeg,civitai_Day_5357779.jpeg
https://image.civitai.com/xG1nkqKTMzGDvpLrqFT7WA/3713fe09-328d-4501-b6cc-8e5208968fd8/width=1024/3713fe09-328d-4501-b6cc-8e5208968fd8.jpeg,civitai_Day_5343207.jpeg
https://image.civitai.com/xG1nkqKTMzGDvpLrqFT7WA/b90b24b0-95a8-4f05-a149-f64c96ec3854/width=1024/b90b24b0-95a8-4f05-a149-f64c96ec3854.jpeg,civitai_Day_5343929.jpeg
https://image.civitai.com/xG1nkqKTMzGDvpLrqFT7WA/ea015d47-8a4a-44ae-809a-b3db84b8e224/width=1024/ea015d47-8a4a-44ae-809a-b3db84b8e224.jpeg,civitai_Day_5348776.jpeg
https://image.civitai.com/xG1nkqKTMzGDvpLrqFT7WA/95f41743-2a42-444d-bbb5-6892dda86d4c/width=1080/95f41743-2a42-444d-bbb5-6892dda86d4c.jpeg,civitai_Day_5348972.jpeg
https://image.civitai.com/xG1nkqKTMzGDvpLrqFT7WA/8fd1293f-984a-4826-9b35-45741d4c664a/width=1200/8fd1293f-984a-4826-9b35-45741d4c664a.jpeg,civitai_Day_5359198.jpeg
https://image.civitai.com/xG1nkqKTMzGDvpLrqFT7WA/9209c600-8fa1-43ac-bbb5-8512bb3b4c3f/width=512/9209c600-8fa1-43ac-bbb5-8512bb3b4c3f.jpeg,civitai_Day_5343331.jpeg
https://image.civitai.com/xG1nkqKTMzGDvpLrqFT7WA/4ebc913b-7982-407d-bd13-2673e8340bf4/width=1024/4ebc913b-7982-407d-bd13-2673e8340bf4.jpeg,civitai_Day_5339929.jpeg
https://image.civitai.com/xG1nkqKTMzGDvpLrqFT7WA/46631a60-4248-4945-921f-5b12946cb0de/width=512/46631a60-4248-4945-921f-5b12946cb0de.jpeg,civitai_Day_5343334.jpeg
https://image.civitai.com/xG1nkqKTMzGDvpLrqFT7WA/bde4a19f-b6aa-49ef-9cd0-af72dbc87aaa/width=1024/bde4a19f-b6aa-49ef-9cd0-af72dbc87aaa.jpeg,civitai_Day_5348173.jpeg
https://image.civitai.com/xG1nkqKTMzGDvpLrqFT7WA/62498b93-ed5f-4494-8a08-b65166ba80a6/width=768/62498b93-ed5f-4494-8a08-b65166ba80a6.jpeg,civitai_Day_5343434.jpeg
https://image.civitai.com/xG1nkqKTMzGDvpLrqFT7WA/3a9ec114-2432-41ce-a4a8-ec4672e79c02/width=1536/3a9ec114-2432-41ce-a4a8-ec4672e79c02.jpeg,civitai_Day_5343442.jpeg
https://image.civitai.com/xG1nkqKTMzGDvpLrqFT7WA/e4ba8fcd-f80a-414a-89d1-30ea267b4605/width=512/e4ba8fcd-f80a-414a-89d1-30ea267b4605.jpeg,civitai_Day_5343727.jpeg
https://image.civitai.com/xG1nkqKTMzGDvpLrqFT7WA/2aa059e9-cb6e-44f2-80ea-d3632e1d5294/width=1152/2aa059e9-cb6e-44f2-80ea-d3632e1d5294.jpeg,civitai_Day_5344257.jpeg
https://image.civitai.com/xG1nkqKTMzGDvpLrqFT7WA/e01c08b7-431e-4838-968e-d9c4ee5a0af7/width=1152/e01c08b7-431e-4838-968e-d9c4ee5a0af7.jpeg,civitai_Day_5344260.jpeg
https://image.civitai.com/xG1nkqKTMzGDvpLrqFT7WA/ed28e6c3-1284-4583-ab3d-f56a93e8c657/width=1536/ed28e6c3-1284-4583-ab3d-f56a93e8c657.jpeg,civitai_Day_5345980.jpeg
https://image.civitai.com/xG1nkqKTMzGDvpLrqFT7WA/239fe946-730f-4f32-a81e-9c7c13cc925d/width=768/239fe946-730f-4f32-a81e-9c7c13cc925d.jpeg,civitai_Day_5354811.jpeg
